schema_version,episode_id,step,elapsed_ms,blue_x,blue_y,target_x,target_y,action_x,action_y,outcome
2,1,0,216,375.0,275.0,698,229,0,0,stalled
2,1,1,232,375.0,275.0,698,229,0,0,stalled
2,1,2,248,375.0,275.0,698,229,0,0,stalled
2,1,3,264,375.0,275.0,698,229,0,0,stalled
2,1,4,281,375.0,275.0,698,229,0,0,stalled
2,1,5,297,375.0,275.0,698,229,0,0,stalled
2,1,6,313,375.0,275.0,698,229,0,0,stalled
2,1,7,329,375.0,275.0,698,229,0,0,stalled
2,1,8,345,375.0,275.0,698,229,0,0,stalled
2,1,9,361,375.0,275.0,698,229,0,0,stalled
2,1,10,377,375.0,275.0,698,229,0,0,stalled
2,1,11,393,375.0,275.0,698,229,0,0,stalled
2,1,12,409,375.0,275.0,698,229,0,0,stalled
2,1,13,425,375.0,275.0,698,229,0,0,stalled
2,1,14,441,375.0,275.0,698,229,0,0,stalled
2,1,15,457,375.0,275.0,698,229,0,0,stalled
2,1,16,473,375.0,275.0,698,229,0,0,stalled
2,1,17,489,375.0,275.0,698,229,0,0,stalled
2,1,18,505,375.0,275.0,698,229,0,0,stalled
2,1,19,521,375.0,275.0,698,229,0,0,stalled
2,1,20,538,375.0,275.0,698,229,0,0,stalled
2,1,21,554,375.0,275.0,698,229,0,0,stalled
2,1,22,570,375.0,275.0,698,229,0,0,stalled
2,1,23,586,375.0,275.0,698,229,0,0,stalled
2,1,24,602,375.0,275.0,698,229,0,0,stalled
2,1,25,618,375.0,275.0,698,229,0,0,stalled
2,1,26,634,375.0,275.0,698,229,0,0,stalled
2,1,27,650,375.0,275.0,698,229,0,0,stalled
2,1,28,666,375.0,275.0,698,229,0,0,stalled
2,1,29,682,375.0,275.0,698,229,0,0,stalled
2,1,30,698,375.0,275.0,698,229,0,0,stalled
2,1,31,714,375.0,275.0,698,229,0,0,stalled
2,1,32,731,375.0,275.0,698,229,0,0,stalled
2,1,33,747,375.0,275.0,698,229,0,0,stalled
2,1,34,763,375.0,275.0,698,229,0,0,stalled
2,1,35,779,375.0,275.0,698,229,0,0,stalled
2,1,36,795,375.0,275.0,698,229,0,0,stalled
2,1,37,811,375.0,275.0,698,229,0,0,stalled
2,1,38,828,375.0,275.0,698,229,0,0,stalled
2,1,39,844,375.0,275.0,698,229,0,0,stalled
2,1,40,861,375.0,275.0,698,229,0,0,stalled
2,1,41,876,375.0,275.0,698,229,0,0,stalled
2,1,42,892,375.0,275.0,698,229,0,0,stalled
2,1,43,908,375.0,275.0,698,229,0,0,stalled
2,1,44,924,375.0,275.0,698,229,0,0,stalled
2,1,45,940,375.0,275.0,698,229,0,0,stalled
2,1,46,956,375.0,275.0,698,229,0,0,stalled
2,1,47,973,375.0,275.0,698,229,0,0,stalled
2,1,48,989,375.0,275.0,698,229,0,0,stalled
2,1,49,1005,375.0,275.0,698,229,0,0,stalled
2,1,50,1021,375.0,275.0,698,229,0,0,stalled
2,1,51,1037,375.0,275.0,698,229,0,0,stalled
2,1,52,1053,375.0,275.0,698,229,0,0,stalled
2,1,53,1069,375.0,275.0,698,229,0,0,stalled
2,1,54,1085,375.0,275.0,698,229,0,0,stalled
2,1,55,1101,375.0,275.0,698,229,0,0,stalled
2,1,56,1117,375.0,275.0,698,229,0,0,stalled
2,1,57,1133,375.0,275.0,698,229,0,0,stalled
2,1,58,1149,375.0,275.0,698,229,0,0,stalled
2,1,59,1165,375.0,275.0,698,229,0,0,stalled
2,1,60,1181,375.0,275.0,698,229,0,0,stalled
2,1,61,1197,375.0,275.0,698,229,0,0,stalled
2,1,62,1213,375.0,275.0,698,229,0,0,stalled
2,1,63,1229,375.0,275.0,698,229,0,0,stalled
2,1,64,1245,375.0,275.0,698,229,0,0,stalled
2,1,65,1261,375.0,275.0,698,229,0,0,stalled
2,1,66,1277,375.0,275.0,698,229,0,0,stalled
2,1,67,1293,375.0,275.0,698,229,0,0,stalled
2,1,68,1309,375.0,275.0,698,229,0,0,stalled
2,1,69,1325,375.0,275.0,698,229,0,0,stalled
2,1,70,1341,375.0,275.0,698,229,0,0,stalled
2,1,71,1357,375.0,275.0,698,229,0,0,stalled
2,1,72,1373,375.0,275.0,698,229,0,0,stalled
2,1,73,1390,375.0,275.0,698,229,0,0,stalled
2,1,74,1405,375.0,275.0,698,229,0,0,stalled
2,1,75,1421,375.0,275.0,698,229,0,0,stalled
2,1,76,1437,375.0,275.0,698,229,0,0,stalled
2,1,77,1453,375.0,275.0,698,229,0,0,stalled
2,1,78,1469,375.0,275.0,698,229,0,0,stalled
2,1,79,1486,375.0,275.0,698,229,0,0,stalled
2,1,80,1501,375.0,275.0,698,229,0,0,stalled
2,1,81,1517,375.0,275.0,698,229,0,0,stalled
2,1,82,1534,375.0,275.0,698,229,0,0,stalled
2,1,83,1549,375.0,275.0,698,229,0,0,stalled
2,1,84,1565,375.0,275.0,698,229,0,0,stalled
2,1,85,1581,375.0,275.0,698,229,0,0,stalled
2,1,86,1597,375.0,275.0,698,229,0,0,stalled
2,1,87,1613,375.0,275.0,698,229,0,0,stalled
2,1,88,1629,375.0,275.0,698,229,0,0,stalled
2,1,89,1645,375.0,275.0,698,229,0,0,stalled
2,1,90,1661,375.0,275.0,698,229,0,0,stalled
2,1,91,1677,375.0,275.0,698,229,0,0,stalled
2,1,92,1693,375.0,275.0,698,229,0,0,stalled
2,1,93,1709,375.0,275.0,698,229,0,0,stalled
2,1,94,1725,375.0,275.0,698,229,0,0,stalled
2,1,95,1742,375.0,275.0,698,229,0,0,stalled
2,1,96,1757,375.0,275.0,698,229,0,0,stalled
2,1,97,1773,375.0,275.0,698,229,0,0,stalled
2,1,98,1789,375.0,275.0,698,229,0,0,stalled
2,1,99,1805,375.0,275.0,698,229,0,0,stalled
2,1,100,1821,375.0,275.0,698,229,0,0,stalled
2,2,0,2849,375.0,275.0,434,328,0,0,success
2,2,1,2865,375.0,275.0,434,328,0,0,success
2,2,2,2881,375.0,275.0,434,328,0,0,success
2,2,3,2897,375.0,275.0,434,328,0,0,success
2,2,4,2913,375.0,275.0,434,328,0,0,success
2,2,5,2929,375.0,275.0,434,328,0,0,success
2,2,6,2945,375.0,275.0,434,328,0,0,success
2,2,7,2961,375.0,275.0,434,328,0,0,success
2,2,8,2978,375.0,275.0,434,328,0,0,success
2,2,9,2994,375.0,275.0,434,328,0,0,success
2,2,10,3009,375.0,275.0,434,328,0,0,success
2,2,11,3025,375.0,275.0,434,328,0,0,success
2,2,12,3041,375.0,275.0,434,328,0,0,success
2,2,13,3058,375.0,275.0,434,328,0,0,success
2,2,14,3074,375.0,275.0,434,328,0,0,success
2,2,15,3090,375.0,275.0,434,328,0,0,success
2,2,16,3106,375.0,275.0,434,328,0,0,success
2,2,17,3123,375.0,275.0,434,328,0,0,success
2,2,18,3139,375.0,275.0,434,328,0,0,success
2,2,19,3155,375.0,275.0,434,328,0,0,success
2,2,20,3171,375.0,275.0,434,328,0,0,success
2,2,21,3187,375.0,275.0,434,328,0,0,success
2,2,22,3204,375.0,275.0,434,328,0,0,success
2,2,23,3219,375.0,275.0,434,328,0,0,success
2,2,24,3235,375.0,275.0,434,328,0,0,success
2,2,25,3251,375.0,275.0,434,328,0,0,success
2,2,26,3268,375.0,275.0,434,328,0,0,success
2,2,27,3283,375.0,275.0,434,328,0,0,success
2,2,28,3299,375.0,275.0,434,328,0,0,success
2,2,29,3315,375.0,275.0,434,328,0,0,success
2,2,30,3331,375.0,275.0,434,328,0,0,success
2,2,31,3348,375.0,275.0,434,328,0,0,success
2,2,32,3364,375.0,275.0,434,328,0,0,success
2,2,33,3380,375.0,275.0,434,328,0,0,success
2,2,34,3397,375.0,275.0,434,328,0,0,success
2,2,35,3412,375.0,275.0,434,328,0,0,success
2,2,36,3428,375.0,275.0,434,328,0,5,success
2,2,37,3444,375.0,280.0,434,328,0,5,success
2,2,38,3460,375.0,285.0,434,328,0,5,success
2,2,39,3476,375.0,290.0,434,328,0,5,success
2,2,40,3492,375.0,295.0,434,328,0,5,success
2,2,41,3508,375.0,300.0,434,328,0,5,success
2,2,42,3524,375.0,305.0,434,328,0,5,success
2,2,43,3541,375.0,310.0,434,328,0,5,success
2,2,44,3557,375.0,315.0,434,328,0,5,success
2,2,45,3573,375.0,320.0,434,328,0,5,success
2,2,46,3589,375.0,325.0,434,328,0,5,success
2,2,47,3605,375.0,330.0,434,328,0,5,success
2,2,48,3622,375.0,335.0,434,328,0,5,success
2,2,49,3638,375.0,340.0,434,328,0,5,success
2,2,50,3654,375.0,345.0,434,328,0,0,success
2,2,51,3670,375.0,345.0,434,328,0,0,success
2,2,52,3686,375.0,345.0,434,328,0,0,success
2,2,53,3703,375.0,345.0,434,328,0,0,success
2,2,54,3718,375.0,345.0,434,328,0,0,success
2,2,55,3734,375.0,345.0,434,328,5,0,success
2,2,56,3750,380.0,345.0,434,328,5,0,success
2,2,57,3766,385.0,345.0,434,328,5,0,success
2,2,58,3782,390.0,345.0,434,328,5,0,success
2,2,59,3798,395.0,345.0,434,328,5,0,success
2,2,60,3814,400.0,345.0,434,328,5,0,success
2,2,61,3830,405.0,345.0,434,328,0,0,success
2,2,62,3846,405.0,345.0,434,328,0,0,success
2,2,63,3863,405.0,345.0,434,328,0,0,success
2,2,64,3879,405.0,345.0,434,328,0,0,success
2,2,65,3895,405.0,345.0,434,328,0,0,success
2,2,66,3911,405.0,345.0,434,328,0,0,success
2,2,67,3928,405.0,345.0,434,328,0,0,success
2,2,68,3944,405.0,345.0,434,328,0,0,success
2,2,69,3960,405.0,345.0,434,328,0,0,success
2,2,70,3976,405.0,345.0,434,328,0,0,success
2,2,71,3992,405.0,345.0,434,328,0,0,success
2,2,72,4007,405.0,345.0,434,328,0,0,success
2,2,73,4024,405.0,345.0,434,328,5,0,success
2,2,74,4040,410.0,345.0,434,328,5,0,success
2,2,75,4056,415.0,345.0,434,328,5,0,success
2,2,76,4072,420.0,345.0,434,328,5,0,success
2,2,77,4088,425.0,345.0,434,328,5,0,success
2,2,78,4104,430.0,345.0,434,328,5,0,success
2,3,0,5132,375.0,275.0,1,185,0,0,success
2,3,1,5148,375.0,275.0,1,185,0,0,success
2,3,2,5165,375.0,275.0,1,185,0,0,success
2,3,3,5181,375.0,275.0,1,185,0,0,success
2,3,4,5197,375.0,275.0,1,185,0,0,success
2,3,5,5213,375.0,275.0,1,185,0,0,success
2,3,6,5230,375.0,275.0,1,185,0,0,success
2,3,7,5246,375.0,275.0,1,185,0,0,success
2,3,8,5262,375.0,275.0,1,185,0,0,success
2,3,9,5278,375.0,275.0,1,185,0,0,success
2,3,10,5295,375.0,275.0,1,185,0,0,success
2,3,11,5310,375.0,275.0,1,185,0,0,success
2,3,12,5327,375.0,275.0,1,185,0,0,success
2,3,13,5343,375.0,275.0,1,185,0,0,success
2,3,14,5360,375.0,275.0,1,185,0,0,success
2,3,15,5376,375.0,275.0,1,185,0,0,success
2,3,16,5392,375.0,275.0,1,185,0,0,success
2,3,17,5408,375.0,275.0,1,185,0,0,success
2,3,18,5424,375.0,275.0,1,185,0,0,success
2,3,19,5440,375.0,275.0,1,185,0,0,success
2,3,20,5456,375.0,275.0,1,185,0,0,success
2,3,21,5472,375.0,275.0,1,185,0,0,success
2,3,22,5488,375.0,275.0,1,185,0,0,success
2,3,23,5504,375.0,275.0,1,185,0,0,success
2,3,24,5520,375.0,275.0,1,185,0,0,success
2,3,25,5538,375.0,275.0,1,185,0,0,success
2,3,26,5554,375.0,275.0,1,185,0,0,success
2,3,27,5570,375.0,275.0,1,185,0,0,success
2,3,28,5587,375.0,275.0,1,185,0,0,success
2,3,29,5603,375.0,275.0,1,185,0,0,success
2,3,30,5619,375.0,275.0,1,185,-5,0,success
2,3,31,5635,370.0,275.0,1,185,-5,0,success
2,3,32,5651,365.0,275.0,1,185,-5,0,success
2,3,33,5667,360.0,275.0,1,185,-5,0,success
2,3,34,5683,355.0,275.0,1,185,-5,0,success
2,3,35,5700,350.0,275.0,1,185,-5,0,success
2,3,36,5715,345.0,275.0,1,185,-5,0,success
2,3,37,5731,340.0,275.0,1,185,-5,0,success
2,3,38,5748,335.0,275.0,1,185,-5,0,success
2,3,39,5763,330.0,275.0,1,185,-5,0,success
2,3,40,5779,325.0,275.0,1,185,-5,0,success
2,3,41,5795,320.0,275.0,1,185,-5,0,success
2,3,42,5811,315.0,275.0,1,185,-5,0,success
2,3,43,5827,310.0,275.0,1,185,-5,0,success
2,3,44,5844,305.0,275.0,1,185,-5,0,success
2,3,45,5859,300.0,275.0,1,185,-5,-5,success
2,3,46,5875,295.0,270.0,1,185,-5,-5,success
2,3,47,5891,290.0,265.0,1,185,-5,-5,success
2,3,48,5908,285.0,260.0,1,185,-5,-5,success
2,3,49,5924,280.0,255.0,1,185,-5,-5,success
2,3,50,5940,275.0,250.0,1,185,-5,-5,success
2,3,51,5956,270.0,245.0,1,185,-5,-5,success
2,3,52,5972,265.0,240.0,1,185,-5,-5,success
2,3,53,5988,260.0,235.0,1,185,-5,-5,success
2,3,54,6004,255.0,230.0,1,185,-5,-5,success
2,3,55,6020,250.0,225.0,1,185,-5,0,success
2,3,56,6036,245.0,225.0,1,185,-5,0,success
2,3,57,6052,240.0,225.0,1,185,-5,0,success
2,3,58,6068,235.0,225.0,1,185,-5,0,success
2,3,59,6084,230.0,225.0,1,185,-5,0,success
2,3,60,6100,225.0,225.0,1,185,-5,0,success
2,3,61,6116,220.0,225.0,1,185,-5,0,success
2,3,62,6133,215.0,225.0,1,185,-5,0,success
2,3,63,6149,210.0,225.0,1,185,-5,0,success
2,3,64,6165,205.0,225.0,1,185,-5,0,success
2,3,65,6181,200.0,225.0,1,185,-5,0,success
2,3,66,6197,195.0,225.0,1,185,-5,0,success
2,3,67,6213,190.0,225.0,1,185,-5,0,success
2,3,68,6229,185.0,225.0,1,185,-5,0,success
2,3,69,6245,180.0,225.0,1,185,-5,0,success
2,3,70,6261,175.0,225.0,1,185,-5,0,success
2,3,71,6277,170.0,225.0,1,185,-5,0,success
2,3,72,6293,165.0,225.0,1,185,-5,0,success
2,3,73,6309,160.0,225.0,1,185,-5,0,success
2,3,74,6325,155.0,225.0,1,185,-5,0,success
2,3,75,6341,150.0,225.0,1,185,-5,0,success
2,3,76,6357,145.0,225.0,1,185,-5,-5,success
2,3,77,6373,140.0,220.0,1,185,-5,-5,success
2,3,78,6389,135.0,215.0,1,185,-5,-5,success
2,3,79,6405,130.0,210.0,1,185,-5,-5,success
2,3,80,6421,125.0,205.0,1,185,-5,-5,success
2,3,81,6437,120.0,200.0,1,185,-5,-5,success
2,3,82,6454,115.0,195.0,1,185,-5,0,success
2,3,83,6470,110.0,195.0,1,185,-5,0,success
2,3,84,6486,105.0,195.0,1,185,-5,0,success
2,3,85,6502,100.0,195.0,1,185,-5,0,success
2,3,86,6518,95.0,195.0,1,185,-5,0,success
2,3,87,6536,90.0,195.0,1,185,-5,0,success
2,3,88,6551,85.0,195.0,1,185,-5,0,success
2,3,89,6567,80.0,195.0,1,185,-5,0,success
2,3,90,6583,75.0,195.0,1,185,-5,0,success
2,3,91,6599,70.0,195.0,1,185,-5,0,success
2,3,92,6615,65.0,195.0,1,185,-5,0,success
2,3,93,6631,60.0,195.0,1,185,-5,0,success
2,3,94,6647,55.0,195.0,1,185,-5,0,success
2,3,95,6663,50.0,195.0,1,185,-5,0,success
2,3,96,6679,45.0,195.0,1,185,-5,0,success
2,3,97,6695,40.0,195.0,1,185,-5,0,success
2,3,98,6711,35.0,195.0,1,185,-5,0,success
2,3,99,6728,30.0,195.0,1,185,-5,0,success
2,3,100,6743,25.0,195.0,1,185,-5,0,success
2,4,0,7770,375.0,275.0,9,481,0,0,success
2,4,1,7785,375.0,275.0,9,481,0,0,success
2,4,2,7801,375.0,275.0,9,481,0,0,success
2,4,3,7817,375.0,275.0,9,481,0,0,success
2,4,4,7833,375.0,275.0,9,481,0,0,success
2,4,5,7849,375.0,275.0,9,481,0,0,success
2,4,6,7865,375.0,275.0,9,481,0,0,success
2,4,7,7881,375.0,275.0,9,481,0,0,success
2,4,8,7897,375.0,275.0,9,481,0,0,success
2,4,9,7913,375.0,275.0,9,481,0,0,success
2,4,10,7930,375.0,275.0,9,481,0,0,success
2,4,11,7945,375.0,275.0,9,481,0,0,success
2,4,12,7961,375.0,275.0,9,481,0,0,success
2,4,13,7977,375.0,275.0,9,481,0,0,success
2,4,14,7994,375.0,275.0,9,481,0,0,success
2,4,15,8008,375.0,275.0,9,481,0,0,success
2,4,16,8025,375.0,275.0,9,481,0,0,success
2,4,17,8040,375.0,275.0,9,481,0,0,success
2,4,18,8056,375.0,275.0,9,481,0,0,success
2,4,19,8072,375.0,275.0,9,481,0,0,success
2,4,20,8088,375.0,275.0,9,481,0,0,success
2,4,21,8105,375.0,275.0,9,481,0,0,success
2,4,22,8121,375.0,275.0,9,481,0,0,success
2,4,23,8137,375.0,275.0,9,481,0,0,success
2,4,24,8153,375.0,275.0,9,481,0,0,success
2,4,25,8170,375.0,275.0,9,481,0,0,success
2,4,26,8185,375.0,275.0,9,481,0,0,success
2,4,27,8201,375.0,275.0,9,481,0,0,success
2,4,28,8217,375.0,275.0,9,481,0,0,success
2,4,29,8233,375.0,275.0,9,481,0,0,success
2,4,30,8249,375.0,275.0,9,481,0,0,success
2,4,31,8265,375.0,275.0,9,481,0,0,success
2,4,32,8282,375.0,275.0,9,481,0,0,success
2,4,33,8298,375.0,275.0,9,481,0,0,success
2,4,34,8314,375.0,275.0,9,481,0,0,success
2,4,35,8330,375.0,275.0,9,481,0,0,success
2,4,36,8347,375.0,275.0,9,481,0,0,success
2,4,37,8362,375.0,275.0,9,481,0,0,success
2,4,38,8378,375.0,275.0,9,481,0,0,success
2,4,39,8394,375.0,275.0,9,481,0,0,success
2,4,40,8410,375.0,275.0,9,481,0,0,success
2,4,41,8426,375.0,275.0,9,481,0,0,success
2,4,42,8442,375.0,275.0,9,481,0,0,success
2,4,43,8459,375.0,275.0,9,481,0,0,success
2,4,44,8474,375.0,275.0,9,481,0,0,success
2,4,45,8490,375.0,275.0,9,481,0,0,success
2,4,46,8507,375.0,275.0,9,481,0,0,success
2,4,47,8523,375.0,275.0,9,481,0,0,success
2,4,48,8540,375.0,275.0,9,481,0,0,success
2,4,49,8556,375.0,275.0,9,481,0,0,success
2,4,50,8572,375.0,275.0,9,481,0,0,success
2,4,51,8588,375.0,275.0,9,481,0,0,success
2,4,52,8604,375.0,275.0,9,481,0,0,success
2,4,53,8620,375.0,275.0,9,481,0,0,success
2,4,54,8636,375.0,275.0,9,481,0,0,success
2,4,55,8652,375.0,275.0,9,481,0,0,success
2,4,56,8668,375.0,275.0,9,481,0,0,success
2,4,57,8684,375.0,275.0,9,481,0,0,success
2,4,58,8700,375.0,275.0,9,481,0,0,success
2,4,59,8716,375.0,275.0,9,481,0,0,success
2,4,60,8733,375.0,275.0,9,481,0,0,success
2,4,61,8749,375.0,275.0,9,481,0,0,success
2,4,62,8765,375.0,275.0,9,481,0,0,success
2,4,63,8781,375.0,275.0,9,481,0,0,success
2,4,64,8798,375.0,275.0,9,481,0,0,success
2,4,65,8814,375.0,275.0,9,481,0,0,success
2,4,66,8830,375.0,275.0,9,481,0,5,success
2,4,67,8846,375.0,280.0,9,481,0,5,success
2,4,68,8862,375.0,285.0,9,481,0,5,success
2,4,69,8878,375.0,290.0,9,481,0,5,success
2,4,70,8894,375.0,295.0,9,481,0,5,success
2,4,71,8910,375.0,300.0,9,481,0,5,success
2,4,72,8926,375.0,305.0,9,481,0,5,success
2,4,73,8942,375.0,310.0,9,481,0,5,success
2,4,74,8958,375.0,315.0,9,481,0,5,success
2,4,75,8974,375.0,320.0,9,481,0,5,success
2,4,76,8991,375.0,325.0,9,481,0,5,success
2,4,77,9005,375.0,330.0,9,481,0,5,success
2,4,78,9022,375.0,335.0,9,481,0,5,success
2,4,79,9037,375.0,340.0,9,481,0,5,success
2,4,80,9053,375.0,345.0,9,481,0,5,success
2,4,81,9069,375.0,350.0,9,481,0,5,success
2,4,82,9085,375.0,355.0,9,481,-5,5,success
2,4,83,9101,370.0,360.0,9,481,-5,5,success
2,4,84,9117,365.0,365.0,9,481,-5,5,success
2,4,85,9133,360.0,370.0,9,481,-5,5,success
2,4,86,9149,355.0,375.0,9,481,-5,5,success
2,4,87,9165,350.0,380.0,9,481,-5,5,success
2,4,88,9181,345.0,385.0,9,481,-5,5,success
2,4,89,9198,340.0,390.0,9,481,-5,5,success
2,4,90,9214,335.0,395.0,9,481,-5,5,success
2,4,91,9230,330.0,400.0,9,481,-5,5,success
2,4,92,9246,325.0,405.0,9,481,-5,5,success
2,4,93,9262,320.0,410.0,9,481,-5,5,success
2,4,94,9279,315.0,415.0,9,481,-5,5,success
2,4,95,9295,310.0,420.0,9,481,-5,5,success
2,4,96,9311,305.0,425.0,9,481,-5,5,success
2,4,97,9327,300.0,430.0,9,481,-5,5,success
2,4,98,9343,295.0,435.0,9,481,-5,5,success
2,4,99,9359,290.0,440.0,9,481,-5,5,success
2,4,100,9375,285.0,445.0,9,481,-5,5,success
2,4,101,9391,280.0,450.0,9,481,-5,5,success
2,4,102,9407,275.0,455.0,9,481,-5,5,success
2,4,103,9424,270.0,460.0,9,481,-5,5,success
2,4,104,9440,265.0,465.0,9,481,-5,0,success
2,4,105,9456,260.0,465.0,9,481,-5,0,success
2,4,106,9472,255.0,465.0,9,481,-5,0,success
2,4,107,9489,250.0,465.0,9,481,-5,0,success
2,4,108,9504,245.0,465.0,9,481,-5,0,success
2,4,109,9520,240.0,465.0,9,481,-5,0,success
2,4,110,9537,235.0,465.0,9,481,-5,0,success
2,4,111,9554,230.0,465.0,9,481,-5,0,success
2,4,112,9570,225.0,465.0,9,481,-5,0,success
2,4,113,9586,220.0,465.0,9,481,-5,0,success
2,4,114,9602,215.0,465.0,9,481,-5,0,success
2,4,115,9618,210.0,465.0,9,481,-5,0,success
2,4,116,9634,205.0,465.0,9,481,-5,0,success
2,4,117,9651,200.0,465.0,9,481,-5,0,success
2,4,118,9667,195.0,465.0,9,481,-5,0,success
2,4,119,9683,190.0,465.0,9,481,-5,0,success
2,4,120,9700,185.0,465.0,9,481,-5,0,success
2,4,121,9715,180.0,465.0,9,481,-5,0,success
2,4,122,9731,175.0,465.0,9,481,-5,0,success
2,4,123,9747,170.0,465.0,9,481,-5,0,success
2,4,124,9764,165.0,465.0,9,481,-5,0,success
2,4,125,9779,160.0,465.0,9,481,-5,0,success
2,4,126,9795,155.0,465.0,9,481,-5,0,success
2,4,127,9811,150.0,465.0,9,481,-5,0,success
2,4,128,9828,145.0,465.0,9,481,-5,0,success
2,4,129,9843,140.0,465.0,9,481,-5,0,success
2,4,130,9859,135.0,465.0,9,481,-5,5,success
2,4,131,9875,130.0,470.0,9,481,-5,5,success
2,4,132,9891,125.0,475.0,9,481,-5,5,success
2,4,133,9908,120.0,480.0,9,481,-5,5,success
2,4,134,9923,115.0,485.0,9,481,-5,5,success
2,4,135,9939,110.0,490.0,9,481,-5,5,success
2,4,136,9955,105.0,495.0,9,481,-5,5,success
2,4,137,9971,100.0,500.0,9,481,-5,0,success
2,4,138,9988,95.0,500.0,9,481,-5,0,success
2,4,139,10003,90.0,500.0,9,481,-5,0,success
2,4,140,10019,85.0,500.0,9,481,-5,0,success
2,4,141,10035,80.0,500.0,9,481,-5,0,success
2,4,142,10051,75.0,500.0,9,481,-5,0,success
2,4,143,10067,70.0,500.0,9,481,-5,0,success
2,4,144,10083,65.0,500.0,9,481,-5,0,success
2,4,145,10099,60.0,500.0,9,481,-5,0,success
2,4,146,10115,55.0,500.0,9,481,-5,0,success
2,4,147,10131,50.0,500.0,9,481,-5,0,success
2,4,148,10147,45.0,500.0,9,481,-5,0,success
2,4,149,10164,40.0,500.0,9,481,-5,0,success
2,4,150,10180,35.0,500.0,9,481,-5,0,success
2,4,151,10196,30.0,500.0,9,481,-5,0,success
2,5,0,11224,375.0,275.0,451,381,0,0,success
2,5,1,11240,375.0,275.0,451,381,0,0,success
2,5,2,11256,375.0,275.0,451,381,0,0,success
2,5,3,11272,375.0,275.0,451,381,0,0,success
2,5,4,11289,375.0,275.0,451,381,0,0,success
2,5,5,11305,375.0,275.0,451,381,0,0,success
2,5,6,11322,375.0,275.0,451,381,0,0,success
2,5,7,11338,375.0,275.0,451,381,0,0,success
2,5,8,11354,375.0,275.0,451,381,0,0,success
2,5,9,11371,375.0,275.0,451,381,0,0,success
2,5,10,11388,375.0,275.0,451,381,0,0,success
2,5,11,11403,375.0,275.0,451,381,0,0,success
2,5,12,11419,375.0,275.0,451,381,0,0,success
2,5,13,11435,375.0,275.0,451,381,0,0,success
2,5,14,11451,375.0,275.0,451,381,0,0,success
2,5,15,11468,375.0,275.0,451,381,0,0,success
2,5,16,11483,375.0,275.0,451,381,0,0,success
2,5,17,11499,375.0,275.0,451,381,0,0,success
2,5,18,11516,375.0,275.0,451,381,0,0,success
2,5,19,11531,375.0,275.0,451,381,0,0,success
2,5,20,11547,375.0,275.0,451,381,0,0,success
2,5,21,11563,375.0,275.0,451,381,0,0,success
2,5,22,11580,375.0,275.0,451,381,0,0,success
2,5,23,11596,375.0,275.0,451,381,0,0,success
2,5,24,11612,375.0,275.0,451,381,0,0,success
2,5,25,11628,375.0,275.0,451,381,0,0,success
2,5,26,11645,375.0,275.0,451,381,0,0,success
2,5,27,11661,375.0,275.0,451,381,0,0,success
2,5,28,11678,375.0,275.0,451,381,0,0,success
2,5,29,11693,375.0,275.0,451,381,0,0,success
2,5,30,11709,375.0,275.0,451,381,0,0,success
2,5,31,11725,375.0,275.0,451,381,0,0,success
2,5,32,11741,375.0,275.0,451,381,0,0,success
2,5,33,11758,375.0,275.0,451,381,0,0,success
2,5,34,11774,375.0,275.0,451,381,5,0,success
2,5,35,11790,380.0,275.0,451,381,5,0,success
2,5,36,11806,385.0,275.0,451,381,5,0,success
2,5,37,11822,390.0,275.0,451,381,5,0,success
2,5,38,11838,395.0,275.0,451,381,5,5,success
2,5,39,11855,400.0,280.0,451,381,5,5,success
2,5,40,11870,405.0,285.0,451,381,5,5,success
2,5,41,11886,410.0,290.0,451,381,5,5,success
2,5,42,11902,415.0,295.0,451,381,5,5,success
2,5,43,11919,420.0,300.0,451,381,5,5,success
2,5,44,11936,425.0,305.0,451,381,5,5,success
2,5,45,11952,430.0,310.0,451,381,5,5,success
2,5,46,11967,435.0,315.0,451,381,5,5,success
2,5,47,11983,440.0,320.0,451,381,5,5,success
2,5,48,11999,445.0,325.0,451,381,5,5,success
2,5,49,12016,450.0,330.0,451,381,0,5,success
2,5,50,12031,450.0,335.0,451,381,0,5,success
2,5,51,12047,450.0,340.0,451,381,0,5,success
2,5,52,12063,450.0,345.0,451,381,0,5,success
2,5,53,12079,450.0,350.0,451,381,0,5,success
2,5,54,12095,450.0,355.0,451,381,0,5,success
2,5,55,12111,450.0,360.0,451,381,0,5,success
2,5,56,12127,450.0,365.0,451,381,0,5,success
2,5,57,12143,450.0,370.0,451,381,0,5,success
2,5,58,12159,450.0,375.0,451,381,0,5,success
2,5,59,12176,450.0,380.0,451,381,0,5,success
2,5,60,12192,450.0,385.0,451,381,0,5,success
2,5,61,12208,450.0,390.0,451,381,0,5,success
2,5,62,12224,450.0,395.0,451,381,0,5,success
2,5,63,12240,450.0,400.0,451,381,0,5,success
2,5,64,12256,450.0,405.0,451,381,0,5,success
2,5,65,12272,450.0,410.0,451,381,0,5,success
2,5,66,12288,450.0,415.0,451,381,0,5,success
2,5,67,12304,450.0,420.0,451,381,0,5,success
2,5,68,12321,450.0,425.0,451,381,0,5,success
2,5,69,12336,450.0,430.0,451,381,0,5,success
2,5,70,12352,450.0,435.0,451,381,0,5,success
2,5,71,12368,450.0,440.0,451,381,0,0,success
2,5,72,12384,450.0,440.0,451,381,0,0,success
2,5,73,12400,450.0,440.0,451,381,0,0,success
2,5,74,12416,450.0,440.0,451,381,0,0,success
2,5,75,12432,450.0,440.0,451,381,0,0,success
2,5,76,12448,450.0,440.0,451,381,0,0,success
2,5,77,12464,450.0,440.0,451,381,0,0,success
2,5,78,12480,450.0,440.0,451,381,0,0,success
2,5,79,12496,450.0,440.0,451,381,0,0,success
2,5,80,12513,450.0,440.0,451,381,0,0,success
2,5,81,12528,450.0,440.0,451,381,0,0,success
2,5,82,12545,450.0,440.0,451,381,0,0,success
2,5,83,12561,450.0,440.0,451,381,0,0,success
2,5,84,12577,450.0,440.0,451,381,0,0,success
2,5,85,12593,450.0,440.0,451,381,0,-5,success
2,5,86,12609,450.0,435.0,451,381,0,-5,success
2,5,87,12625,450.0,430.0,451,381,0,-5,success
2,5,88,12641,450.0,425.0,451,381,0,-5,success
2,5,89,12657,450.0,420.0,451,381,0,-5,success
2,5,90,12673,450.0,415.0,451,381,0,-5,success
2,5,91,12689,450.0,410.0,451,381,0,-5,success
2,5,92,12705,450.0,405.0,451,381,0,-5,success
2,5,93,12721,450.0,400.0,451,381,0,-5,success
2,5,94,12738,450.0,395.0,451,381,0,-5,success
2,5,95,12753,450.0,390.0,451,381,0,0,success
2,5,96,12769,450.0,390.0,451,381,0,0,success
2,5,97,12785,450.0,390.0,451,381,0,0,success
2,5,98,12801,450.0,390.0,451,381,0,0,success
2,5,99,12817,450.0,390.0,451,381,0,0,success
2,5,100,12833,450.0,390.0,451,381,0,0,success
2,5,101,12849,450.0,390.0,451,381,0,0,success
2,5,102,12865,450.0,390.0,451,381,0,0,success
2,5,103,12881,450.0,390.0,451,381,5,0,success
2,6,0,13910,375.0,275.0,343,373,0,0,success
2,6,1,13925,375.0,275.0,343,373,0,0,success
2,6,2,13941,375.0,275.0,343,373,0,0,success
2,6,3,13957,375.0,275.0,343,373,0,0,success
2,6,4,13973,375.0,275.0,343,373,0,0,success
2,6,5,13989,375.0,275.0,343,373,0,0,success
2,6,6,14004,375.0,275.0,343,373,0,0,success
2,6,7,14020,375.0,275.0,343,373,0,0,success
2,6,8,14037,375.0,275.0,343,373,0,0,success
2,6,9,14053,375.0,275.0,343,373,0,0,success
2,6,10,14069,375.0,275.0,343,373,0,0,success
2,6,11,14085,375.0,275.0,343,373,0,0,success
2,6,12,14101,375.0,275.0,343,373,0,0,success
2,6,13,14117,375.0,275.0,343,373,0,0,success
2,6,14,14133,375.0,275.0,343,373,0,0,success
2,6,15,14149,375.0,275.0,343,373,0,0,success
2,6,16,14165,375.0,275.0,343,373,0,0,success
2,6,17,14181,375.0,275.0,343,373,0,0,success
2,6,18,14197,375.0,275.0,343,373,0,0,success
2,6,19,14213,375.0,275.0,343,373,0,0,success
2,6,20,14229,375.0,275.0,343,373,0,0,success
2,6,21,14245,375.0,275.0,343,373,0,0,success
2,6,22,14261,375.0,275.0,343,373,0,0,success
2,6,23,14277,375.0,275.0,343,373,0,0,success
2,6,24,14293,375.0,275.0,343,373,0,0,success
2,6,25,14309,375.0,275.0,343,373,0,0,success
2,6,26,14325,375.0,275.0,343,373,0,0,success
2,6,27,14342,375.0,275.0,343,373,0,0,success
2,6,28,14358,375.0,275.0,343,373,0,0,success
2,6,29,14374,375.0,275.0,343,373,0,0,success
2,6,30,14390,375.0,275.0,343,373,0,0,success
2,6,31,14407,375.0,275.0,343,373,0,0,success
2,6,32,14423,375.0,275.0,343,373,0,0,success
2,6,33,14439,375.0,275.0,343,373,0,0,success
2,6,34,14455,375.0,275.0,343,373,0,0,success
2,6,35,14471,375.0,275.0,343,373,0,5,success
2,6,36,14487,375.0,280.0,343,373,0,5,success
2,6,37,14503,375.0,285.0,343,373,0,5,success
2,6,38,14519,375.0,290.0,343,373,0,5,success
2,6,39,14536,375.0,295.0,343,373,0,5,success
2,6,40,14552,375.0,300.0,343,373,0,5,success
2,6,41,14568,375.0,305.0,343,373,0,5,success
2,6,42,14584,375.0,310.0,343,373,0,5,success
2,6,43,14600,375.0,315.0,343,373,0,5,success
2,6,44,14617,375.0,320.0,343,373,0,5,success
2,6,45,14633,375.0,325.0,343,373,0,5,success
2,6,46,14649,375.0,330.0,343,373,-5,5,success
2,6,47,14665,370.0,335.0,343,373,-5,5,success
2,6,48,14681,365.0,340.0,343,373,-5,0,success
2,6,49,14697,360.0,340.0,343,373,-5,0,success
2,6,50,14713,355.0,340.0,343,373,-5,0,success
2,6,51,14730,350.0,340.0,343,373,-5,0,success
2,6,52,14746,345.0,340.0,343,373,-5,0,success
2,6,53,14762,340.0,340.0,343,373,-5,0,success
2,6,54,14778,335.0,340.0,343,373,-5,0,success
2,6,55,14794,330.0,340.0,343,373,-5,0,success
2,6,56,14810,325.0,340.0,343,373,-5,0,success
2,6,57,14826,320.0,340.0,343,373,-5,0,success
2,6,58,14842,315.0,340.0,343,373,-5,0,success
2,6,59,14858,310.0,340.0,343,373,-5,0,success
2,6,60,14874,305.0,340.0,343,373,0,0,success
2,6,61,14890,305.0,340.0,343,373,0,0,success
2,6,62,14906,305.0,340.0,343,373,0,0,success
2,6,63,14922,305.0,340.0,343,373,0,0,success
2,6,64,14938,305.0,340.0,343,373,0,0,success
2,6,65,14954,305.0,340.0,343,373,0,0,success
2,6,66,14970,305.0,340.0,343,373,0,5,success
2,6,67,14986,305.0,345.0,343,373,0,5,success
2,6,68,15001,305.0,350.0,343,373,0,5,success
2,6,69,15017,305.0,355.0,343,373,0,5,success
2,6,70,15033,305.0,360.0,343,373,0,5,success
2,6,71,15049,305.0,365.0,343,373,0,5,success
2,6,72,15066,305.0,370.0,343,373,0,5,success
2,6,73,15081,305.0,375.0,343,373,0,5,success
2,6,74,15097,305.0,380.0,343,373,0,0,success
2,6,75,15113,305.0,380.0,343,373,0,0,success
2,6,76,15129,305.0,380.0,343,373,0,0,success
2,6,77,15145,305.0,380.0,343,373,0,0,success
2,6,78,15161,305.0,380.0,343,373,0,0,success
2,6,79,15177,305.0,380.0,343,373,0,0,success
2,6,80,15194,305.0,380.0,343,373,0,0,success
2,6,81,15210,305.0,380.0,343,373,0,0,success
2,6,82,15226,305.0,380.0,343,373,0,0,success
2,6,83,15242,305.0,380.0,343,373,0,0,success
2,6,84,15258,305.0,380.0,343,373,0,0,success
2,6,85,15274,305.0,380.0,343,373,0,0,success
2,6,86,15290,305.0,380.0,343,373,0,0,success
2,6,87,15307,305.0,380.0,343,373,5,0,success
2,6,88,15323,310.0,380.0,343,373,5,0,success
2,6,89,15339,315.0,380.0,343,373,5,0,success
2,6,90,15355,320.0,380.0,343,373,5,0,success
2,6,91,15371,325.0,380.0,343,373,5,0,success
2,6,92,15387,330.0,380.0,343,373,5,0,success
2,6,93,15403,335.0,380.0,343,373,5,0,success
2,6,94,15419,340.0,380.0,343,373,5,0,success
